channel_name,video_id,Date,Time,duration_seconds,views,likes,comments,shorts,title,content_type
RJ Karishma,DPNadf4m05s,12/29/2025,6:39:07 AM,101,"1,327,580.00","43,965.00",414,Yes,tips de rahi hoon free mai üå∏ #rjkarishma #shorts,Character / Micro Comedy
RJ Karishma,XFOY2JUu0fA,12/3/2025,6:40:20 AM,67,"956,893.00","34,330.00",520,Yes,sudhar jao..bahi bhi time haiüòù,Other
RJ Karishma,koAxe5FII3k,11/9/2025,10:55:24 AM,169,"7,802,099.00","242,813.00",503,Yes,kaun kaun choti behen hai?? üòù#rjkarishma #shorts,Character / Micro Comedy
RJ Karishma,evH59COjmxw,11/2/2025,6:59:20 AM,88,"6,968,301.00","273,168.00",911,Yes,just sibling things‚ù§Ô∏è,POV / Kids & Teens
RJ Karishma,UlOaN6g1ltU,10/31/2025,1:31:05 PM,141,"15,617,950.00","395,064.00",508,Yes,chalo suitcase pack karo sab #rjkarishma #shorts,Character / Micro Comedy
RJ Karishma,aKpe5_ZVkJg,10/24/2025,6:23:55 AM,68,"2,955,168.00","130,393.00",801,Yes,i wish ‚Äúgenerative edit ‚Äú real life logo par bhi use ho pata!,Other
RJ Karishma,LySJVSADxOA,10/9/2025,7:05:19 AM,119,"1,588,143.00","72,932.00",632,Yes,kaha milte hain aise mehmaanü§åüèª,Other
RJ Karishma,7zxT2-sndEc,10/4/2025,7:20:31 AM,91,"3,257,313.00","123,851.00",529,Yes,bas itni si baat hai‚ù§Ô∏è‚ù§Ô∏è #shorts #rjkarishma,Character / Micro Comedy
RJ Karishma,sjtVCP_bWXE,9/25/2025,6:38:59 AM,90,"2,111,490.00","88,806.00",493,Yes,kya lagta hai ..kya hoga?? #rjkarishma #shorts,Character / Micro Comedy
RJ Karishma,sTEbT5U-iMA,9/18/2025,10:42:27 AM,112,"2,890,548.00","144,349.00",1080,Yes,tumhare sath aisa hota hai?? #shorts #rjkarishma,Character / Micro Comedy
RJ Karishma,bCt0gFTqO0I,9/15/2025,8:29:12 AM,133,"9,428,129.00","411,075.00",4213,Yes,ghar de dur #rjkarishma #shorts,"Family / Relatable, Character / Micro Comedy"
RJ Karishma,jy_Zun9lOwk,9/13/2025,12:16:24 PM,81,"3,251,289.00","132,551.00",371,Yes,dada-dadi ka pyaar #rjkarishma #shorts,"Family / Relatable, Character / Micro Comedy, Romance / Relationships"
RJ Karishma,PpUEcqNXZnA,8/24/2025,3:56:39 PM,127,"18,868,297.00","559,165.00",1810,Yes,ajab lehar hai meri padosan üòõ #rjkarishma #shorts,Character / Micro Comedy
RJ Karishma,YRdvbVM82_E,8/16/2025,9:11:05 AM,132,"30,840,606.00","852,237.00",2890,Yes,tumne kya khooth kaha hai?? #rjkarishma #shorts,Character / Micro Comedy
RJ Karishma,OIlNBeY65s4,8/6/2025,5:46:29 AM,91,"11,798,584.00","341,576.00",668,Yes,instructions rukni nahi chahiye #rjkarishma #shorts,Character / Micro Comedy
RJ Karishma,SEJe3PV8aEU,7/31/2025,7:29:00 AM,102,"25,436,144.00","743,598.00",3167,Yes,kya kare aisi bhaiyon ka?? #rjkarishma #shorts,Character / Micro Comedy
RJ Karishma,dQeHRzyz9cM,7/20/2025,5:42:52 AM,63,"13,371,622.00","368,943.00",839,Yes,i promise nahi rokungiüò≠ #rjkarishma #shorts,Character / Micro Comedy
RJ Karishma,md2viXhysqY,7/13/2025,9:08:24 AM,44,"1,658,004.00","38,270.00",175,Yes,mehngai ka alag roop dikhta hai central london mai üò≠ #rjkarishma,Character / Micro Comedy
RJ Karishma,2RUlNTcijr0,7/8/2025,9:09:51 AM,141,"10,390,560.00","386,775.00",985,Yes,#ad a day to remember in london #cricket #wimbledon,Brand / Ads / Events
RJ Karishma,NgGP9_x4hU4,6/28/2025,9:09:51 AM,96,"6,369,816.00","316,891.00",2001,Yes,#ad vicky bicharaüòπ watch @wimbledon on @starsportsindia and @jiohotstar¬†#wimbledon,"Character / Micro Comedy, Brand / Ads / Events"
RJ Karishma,bHJYb_5m6Ig,6/23/2025,9:18:42 AM,82,"2,312,322.00","72,494.00",386,Yes,shadi ke baad ghar aane ki baat he alag hoti hai #rjkarishma #shorts,"Family / Relatable, Character / Micro Comedy"
RJ Karishma,SSQH_k8aO04,6/20/2025,7:06:46 AM,104,"35,446,339.00","712,229.00",4215,Yes,kya tumhari zindagi bhi pehle aisi he thi #rjkarishma #shorts,Character / Micro Comedy
RJ Karishma,3tEAd7wrNFc,6/16/2025,9:00:58 AM,180,"1,997,477.00","56,604.00",881,Yes,kya din the wo bhiüò≠ #shorts #rjkarishma,Character / Micro Comedy
RJ Karishma,ow72LItuBkg,6/15/2025,8:32:22 AM,171,"2,017,004.00","56,431.00",952,Yes,ep 09 :bright ‡§≠‡§µ‡§ø‡§∑‡•ç‡§Ø loading,Character / Micro Comedy
RJ Karishma,DcyiHHhDpO4,6/14/2025,8:56:47 AM,138,"3,541,017.00","97,746.00",475,Yes,ep 08 : bright ‡§≠‡§µ‡§ø‡§∑‡•ç‡§Ø loading. #rjkarishma #shorts,Character / Micro Comedy
RJ Karishma,RfsHkmS-rBQ,6/13/2025,8:23:03 AM,147,"1,153,515.00","29,221.00",188,Yes,ep 07 : bright ‡§≠‡§µ‡§ø‡§∑‡•ç‡§Ø loading,Character / Micro Comedy
RJ Karishma,9pzgGTtoPvU,6/12/2025,9:02:37 AM,141,"1,792,883.00","49,415.00",152,Yes,ep 06 : bright ‡§≠‡§µ‡§ø‡§∑‡•ç‡§Ø loading #rjkarishma #shorts..i can‚Äôt believe ye sab vicky ke sath ho raha hai.,Character / Micro Comedy
RJ Karishma,YjdSYRtswuU,6/11/2025,6:19:58 AM,143,"1,015,212.00","28,266.00",128,Yes,ep -05 bright ‡§≠‡§µ‡§ø‡§∑‡•ç‡§Ø loading,Character / Micro Comedy
RJ Karishma,34p2pUz0Hqg,6/10/2025,10:00:46 AM,126,"1,241,870.00","35,797.00",225,Yes,ep 04-bright ‡§≠‡§µ‡§ø‡§∑‡•ç‡§Ø loading‚Ä¶.lagta hai vicky ki kismet khulne wali hai,Character / Micro Comedy
RJ Karishma,8RkduZwb8TM,6/9/2025,5:37:43 AM,142,"1,103,430.00","33,044.00",177,Yes,ep 03 -bright ‡§≠‡§µ‡§ø‡§∑‡•ç‡§Ø loading,Character / Micro Comedy
RJ Karishma,aIBd8g-ErNU,6/8/2025,6:07:54 AM,142,"1,047,621.00","33,913.00",201,Yes,ep 02 -bright ‡§≠‡§µ‡§ø‡§∑‡•ç‡§Ø loading,Character / Micro Comedy
RJ Karishma,A8wuPyiEdP4,6/5/2025,7:51:59 AM,108,"21,731,148.00","669,733.00",1245,Yes,episode 01 bright ‡§≠‡§µ‡§ø‡§∑‡•ç‡§Ø loading‚Ä¶kya lagta hai aage kya hoga?? #shorts #karishma #microdrama,Character / Micro Comedy
RJ Karishma,jxhHyuxtFDs,6/4/2025,6:17:03 AM,45,"994,550.00","24,226.00",107,Yes,"#ad she didn‚Äôt miss the whisper,airtel doesn‚Äôt miss fraud links either #airtel #airtelthesafenetwork",Brand / Ads / Events
RJ Karishma,71k1mwHXSKk,6/1/2025,8:12:19 AM,117,"20,302,324.00","642,364.00",3583,Yes,a microdrama series ‚Äúbright ‡§≠‡§µ‡§ø‡§∑‡•ç‡§Ø loading ‚Ä¶releasing soon on youtube/insta #rjkarishma #shorts,"Character / Micro Comedy, Trends / Challenges / Social Media"
RJ Karishma,8oKaTxKgpQQ,5/25/2025,11:01:15 AM,90,"10,499,954.00","349,511.00",702,Yes,90‚Äôs wale aajao sab comment section maiüòÜ #rjkarishma #shorts,Character / Micro Comedy
RJ Karishma,LGcihjSiujs,5/19/2025,10:33:44 AM,110,"7,094,386.00","321,179.00",804,Yes,tujhe change karna hai kissi ka naam?? #shorts #rjkarishma,Character / Micro Comedy
RJ Karishma,Vy8joa76xK4,5/16/2025,6:42:24 AM,116,"3,070,308.00","154,414.00",819,Yes,kya kahoge iss baat par #rjkarishma #shorts,Character / Micro Comedy
RJ Karishma,9NHcOBkA4lA,5/14/2025,11:21:27 AM,60,"1,262,121.00","38,974.00",294,Yes,jo mujhe lagta hai ma ..wo mujhe sahi mai lagta hai #rjkarishma #shorts,Character / Micro Comedy
RJ Karishma,3z_t5nxIKYw,5/12/2025,12:09:39 PM,84,"19,124,725.00","593,100.00",1037,Yes,mere show ka promo https://www.instagram.com/reel/djn1bwimhpz/?igsh=awo3nxgyytblazdi,Character / Micro Comedy
RJ Karishma,VHoKb5yOAK8,5/6/2025,10:29:11 AM,98,"7,498,677.00","305,793.00",837,Yes,mehman jaye toh jaldi se bacha hua samosa kha lu #shorts #rjkarishma,"Character / Micro Comedy, Food / Cooking"
RJ Karishma,zdb4KHAfN2k,4/12/2025,10:17:34 AM,93,"2,734,380.00","101,090.00",792,Yes,mai sambhal lungi is a scamüòõ #rjkarishma #shorts,Character / Micro Comedy
RJ Karishma,SU5yQa8y-v0,3/26/2025,11:32:08 AM,91,"4,273,653.00","204,588.00",1047,Yes,"the palak,the paneer #shorts #rjkarishma","Character / Micro Comedy, Food / Cooking"
RJ Karishma,VscWmZBUzag,3/21/2025,8:47:16 AM,89,"2,021,297.00","80,049.00",517,Yes,apka bestie bhi aisa hai kya? #shorts #rjkarishma,"POV / Kids & Teens, Character / Micro Comedy"
RJ Karishma,tyteJjThzG0,3/14/2025,4:06:14 AM,61,"20,685,593.00","843,645.00",3924,Yes,sir please ek line bata do #rjkarishma #shorts,Character / Micro Comedy
RJ Karishma,aXC2EaXn_tk,2/20/2025,4:28:30 AM,60,"67,329,715.00","1,048,432.00",4196,Yes,maa jaisa koi nahi‚ù§Ô∏è #rjkarishma #shorts,Character / Micro Comedy
RJ Karishma,hR98cBg3cG8,2/15/2025,10:00:44 AM,60,"6,362,776.00","286,988.00",309,Yes,yes ma‚Äôam !! #rjkarishma #shorts,Character / Micro Comedy
RJ Karishma,p-O_1cLW1TI,2/13/2025,11:39:56 AM,61,"7,105,127.00","334,120.00",749,Yes,pulao kha lo beta #rjkarishma #shorts,"Character / Micro Comedy, Food / Cooking"
RJ Karishma,yq_m65lduTo,2/3/2025,4:57:23 AM,60,"4,201,193.00","220,280.00",274,Yes,ek per par khadi rehti hain ye #reels #reelsinstagram,Trends / Challenges / Social Media
RJ Karishma,nOj2U0kOGWg,2/2/2025,2:45:29 AM,60,"2,662,673.00","110,346.00",290,Yes,koi hai apki life mai aisa ?? #rjkarishma #shorts,Character / Micro Comedy
RJ Karishma,F0H3VbIfo7o,1/23/2025,9:33:39 AM,61,"5,015,452.00","281,544.00",336,Yes,air bag‚ùåparachute ‚úÖ #rjkarishma #shorts,Character / Micro Comedy
RJ Karishma,sn592ABR0sM,1/11/2025,2:22:28 PM,61,"21,373,978.00","680,334.00",1051,Yes,crop top ‚ùå rumaal‚úÖ #rjkarishma #shorts,"Character / Micro Comedy, Fashion / Style / Appearance"
RJ Karishma,_2q8NPT6VrU,1/8/2025,1:58:08 PM,60,"14,115,453.00","638,570.00",1413,Yes,kya kare aisi bacho kaüòè #rjkarishma #shorts,Character / Micro Comedy
RJ Karishma,5erVYbcTEmQ,12/3/2024,9:49:05 AM,61,"11,335,604.00","423,542.00",1328,Yes,koi chai pilado yaar #rjkarishma #shorts,Character / Micro Comedy
RJ Karishma,e_cvpi1eDkw,11/15/2024,4:05:00 AM,57,"9,385,873.00","447,623.00",981,Yes,moms are special #rjkarishma #shorts,"Family / Relatable, Character / Micro Comedy"
RJ Karishma,luJTDL_XVv0,11/11/2024,10:39:46 AM,61,"11,123,451.00","555,612.00",1591,Yes,mummy aur diet ka khana #rjkarishma #shorts,"Family / Relatable, Character / Micro Comedy, Food / Cooking"
RJ Karishma,_YoF4SVaqFY,10/31/2024,5:04:56 AM,269,"3,680,070.00","55,949.00",1450,No,kalesh ke bina koi function ho sakta hai kya #rjkrishma #shorts,Other
RJ Karishma,uVWmwC5vmkM,10/22/2024,4:10:38 AM,61,"16,067,465.00","577,150.00",1054,Yes,didi ke liye kafi bura lag raha haiüò≠üò≠üò≠,Other
RJ Karishma,HmgwKNbzvVM,10/16/2024,2:07:39 PM,61,"9,050,067.00","438,510.00",538,Yes,1800 ka blouse üò≠ #rjkarishma #shorts,Character / Micro Comedy
RJ Karishma,WPlSJHMmMz0,10/11/2024,1:05:40 PM,61,"47,047,592.00","1,225,415.00",2046,Yes,ye rishta kya kehlata hai #rjkarishma #shorts,Character / Micro Comedy
RJ Karishma,o0f52chgcgw,10/8/2024,8:02:36 AM,60,"4,286,812.00","213,102.00",257,Yes,halwa puri kale channe‚Ä¶ab tak yaad aata hai #rjkarishma #shorts,"Character / Micro Comedy, Daily Life / Emotions, Food / Cooking"
RJ Karishma,PG-KztEKJYA,8/29/2024,8:28:54 AM,61,"4,219,235.00","186,139.00",455,Yes,tips lelo friends #rjkarishma #shorts,Character / Micro Comedy
RJ Karishma,K24yyaAg6_k,8/12/2024,1:08:56 PM,383,"85,251.00","1,684.00",74,No,justice for the gym trainer #shorts #rjkarishma,Character / Micro Comedy
RJ Karishma,lrnylsQn-Vc,8/10/2024,2:59:09 PM,57,"2,507,053.00","110,207.00",187,Yes,my whole experience at the paris olympics ‚ù§Ô∏è #ad #paris2024,"Daily Life / Emotions, Brand / Ads / Events"
RJ Karishma,1b0l6ygSgys,8/10/2024,6:13:58 AM,58,"1,528,713.00","53,495.00",79,Yes,ye toh trailer tha. full paris olympics experience ke liye check out the main video #paris2024,"Daily Life / Emotions, Brand / Ads / Events"
RJ Karishma,3JcyPNZ4WEw,8/8/2024,12:32:30 PM,60,"2,309,322.00","139,061.00",246,Yes,the first ever beach volleyball experience ‚ù§Ô∏è #paris24,"Daily Life / Emotions, Brand / Ads / Events"
RJ Karishma,1sNMPpi7weI,8/6/2024,9:14:21 AM,60,"2,465,207.00","133,764.00",197,Yes,picture abhi baki hai mere dost #paris2024 #rjkarishma,"Character / Micro Comedy, Brand / Ads / Events"
RJ Karishma,JWOT36-uC18,8/4/2024,10:08:52 AM,61,"2,227,946.00","111,791.00",120,Yes,karishma @ the paris olympics ep01 #paris2024 #rjkarishma #shorts,"Character / Micro Comedy, Brand / Ads / Events"
RJ Karishma,4582qRjTgyw,7/30/2024,4:28:11 AM,61,"8,636,533.00","446,960.00",428,Yes,kya lagta hai puri family ja payegi ? #paris2024,"Brand / Ads / Events, Food / Cooking"
RJ Karishma,LHlaaB3q8UA,7/29/2024,6:27:03 AM,60,"3,392,062.00","198,457.00",1047,Yes,vicky smart toh hai kuch bhi bolo #rjkarishma #comedy #shorts,"Character / Micro Comedy, Comedy / Funny"
RJ Karishma,0BVt52rreC8,7/19/2024,4:47:50 AM,61,"1,155,577.00","61,746.00",549,Yes,kya kehna chahiye aise logo ke bare mai #shorts #rjkarishma,Character / Micro Comedy
RJ Karishma,ah9jviH8gaU,7/16/2024,6:30:01 PM,60,"3,990,801.00","192,245.00",408,Yes,meri building mai rehte kab mere ghar ke andar aa gai .pata he nahi chala ‚ù§Ô∏è#shorts #rjkarishma,"Family / Relatable, Character / Micro Comedy"
RJ Karishma,TVdqpHgMRFc,6/25/2024,4:36:20 AM,61,"18,528,918.00","851,881.00",1047,Yes,papad ko koi nahi dikhenge #rjkarishma #shorts,Character / Micro Comedy
RJ Karishma,DZSZiSK27YQ,6/25/2024,4:34:35 AM,60,"7,116,365.00","351,070.00",814,Yes,ü§åüèªü§åüèª #rjkarishma #shorts,Character / Micro Comedy
RJ Karishma,IxnOtFopmOA,5/11/2024,7:38:58 AM,55,"50,795,896.00","1,835,579.00",3183,Yes,mom and their babies #rjkarishma #shorts,"Family / Relatable, Character / Micro Comedy"
RJ Karishma,Q0wgQZmcXfs,5/1/2024,8:36:12 AM,60,"7,633,807.00","404,909.00",2198,Yes,kya kare aise bacho ka batao.. #shorts #shorts,Other
RJ Karishma,U6wJGdU2oRU,4/4/2024,9:04:31 AM,52,"42,046,694.00","1,622,349.00",1813,Yes,jante ho inko kaun hai ?? üòπ#rjkarishma #shorts,Character / Micro Comedy
RJ Karishma,vqPRmW-zHmM,3/27/2024,6:33:17 AM,57,"5,855,425.00","289,464.00",814,Yes,sari batey ek taraf ..mummy se video call ek taraf #shorts #rjkarishma,"Family / Relatable, Character / Micro Comedy"
RJ Karishma,6CLbT7vWiGE,3/24/2024,9:45:04 AM,59,"4,470,694.00","210,045.00",248,Yes,kuch bacha ho toh comment section mai likh lena #shorts #rjkarishma,Character / Micro Comedy
RJ Karishma,Usy_lKNK3ok,3/22/2024,7:41:48 AM,61,"9,823,658.00","382,579.00",1344,Yes,this ultimate experience anyone would want #iplonjiocinema,Daily Life / Emotions
RJ Karishma,Rxo7iA6ZqnE,3/18/2024,10:40:46 AM,60,"22,638,679.00","1,019,323.00",2220,Yes,that one small kid at every home #ad #rjkarishma #shorts,"POV / Kids & Teens, Character / Micro Comedy, Brand / Ads / Events"
RJ Karishma,MG7B6Mwvgrs,3/11/2024,10:41:36 AM,60,"9,941,232.00","452,436.00",638,Yes,that girl in every class #rjkarishma #shorts,"POV / Kids & Teens, Character / Micro Comedy"
RJ Karishma,lsEG_EN0Tlo,2/24/2024,8:49:47 AM,60,"5,352,556.00","302,560.00",738,Yes,pehchana inn ko ?? #rjkarishma #shorts,Character / Micro Comedy
RJ Karishma,4n_D8jgIlUM,2/11/2024,6:30:32 AM,59,"16,010,024.00","886,527.00",976,Yes,kaun kaun abhi bhi work from home kar raha hai #rjkarishma #shorts,Character / Micro Comedy
RJ Karishma,_4FUs2dvHWo,2/4/2024,5:54:32 AM,60,"89,689,309.00","3,112,948.00",5157,Yes,sabko mummy itni he pyaari hoti hai?#rjkarishma #shorts,"Family / Relatable, Character / Micro Comedy, Romance / Relationships"
RJ Karishma,gFb9DN3duRw,2/2/2024,2:15:55 PM,61,"16,486,582.00","888,878.00",660,Yes,nani ka ghar sabse pyaara‚ù§Ô∏è#rjkarishma #shorts,"Family / Relatable, Character / Micro Comedy, Romance / Relationships"
RJ Karishma,6knVyhhGNK8,1/28/2024,4:00:09 AM,59,"6,178,707.00","343,272.00",1327,Yes,didi aap jiju se kaise mile batao na ? #rjkarishma #shorts,"Family / Relatable, Character / Micro Comedy"
RJ Karishma,XL_kTGC4h2g,1/17/2024,7:59:07 AM,60,"6,640,805.00","358,330.00",668,Yes,kaun kaun blush kar raha hai #rjkarishma #shorts,Character / Micro Comedy
RJ Karishma,tuhpK-WEL8Q,1/6/2024,6:11:59 AM,61,"4,971,604.00","235,180.00",293,Yes,yum bhi yahi karte ho na?? sach batana ! #rjkarishma #shorts,Character / Micro Comedy
RJ Karishma,O-Q9ULVhh7c,12/27/2023,7:58:42 AM,60,"12,235,671.00","670,955.00",1038,Yes,tight pakdiye yaha se #rjkarishma #shorts,Character / Micro Comedy
RJ Karishma,IUpfMBl0KpQ,12/22/2023,8:35:59 AM,60,"7,782,217.00","394,573.00",598,Yes,mom‚Äôs are special #rjkarishma #shorts,"Family / Relatable, Character / Micro Comedy"
RJ Karishma,bbOFKweU2TY,12/16/2023,12:40:19 PM,61,"2,518,503.00","126,029.00",279,Yes,yaad aai ye wali aunty?? #shorts #rjkarishma,"Character / Micro Comedy, Daily Life / Emotions"
RJ Karishma,ytbrgKUtcOg,11/29/2023,3:25:51 PM,61,"46,121,839.00","1,682,138.00",5202,Yes,don‚Äôt call me baby #shorts #rjkarishma,Character / Micro Comedy
RJ Karishma,sO6bxFMMGAs,11/23/2023,11:45:50 AM,60,"9,810,366.00","580,864.00",571,Yes,pehchan kaun #rjkarishma #shorts,Character / Micro Comedy
RJ Karishma,FcYsSbQghTw,11/22/2023,10:02:11 AM,37,"3,953,265.00","252,526.00",1576,Yes,video calls with mom is the best thing #rjkarishma #shorts,"Family / Relatable, Character / Micro Comedy"
RJ Karishma,96oJ5uDw2y4,11/20/2023,11:24:19 AM,59,"5,764,026.00","320,790.00",861,Yes,ek appeal #rjkarishma #shorts,Character / Micro Comedy
RJ Karishma,Dshh35lNKr4,11/14/2023,12:31:45 PM,60,"11,066,954.00","512,866.00",3491,Yes,chilgozi hai apke ghar par?? #rjkarishma #shorts,"Family / Relatable, Character / Micro Comedy"
RJ Karishma,gScDAZSsSXI,11/10/2023,1:23:35 PM,60,"42,403,637.00","1,471,422.00",2857,Yes,kya lagta hai ki bahar bhi ye jodi ka pyaar aise he bana rahega? #rjkarishma #shorts,"Character / Micro Comedy, Romance / Relationships"
RJ Karishma,2H96uIM4jw8,11/7/2023,3:18:28 AM,60,"12,674,907.00","606,591.00",2573,Yes,kaun kaun shadi kar raha hai iss saal batao zara #rjkarishma #videos,"Family / Relatable, Character / Micro Comedy"
RJ Karishma,ED-EZv1qQyU,11/5/2023,10:24:09 AM,60,"7,122,719.00","407,646.00",567,Yes,aaj kal light color ka zamana hai @dharnadurga #shorts #rjkarishma,Character / Micro Comedy
RJ Karishma,91jjdgpINy0,10/30/2023,7:48:37 AM,60,"9,109,412.00","436,930.00",2171,Yes,sahi baat hai kaun tayar ho inki shadi mai #shorts #rjkarishma,"Family / Relatable, Character / Micro Comedy"
RJ Karishma,6NoSBWa7VkY,10/26/2023,5:30:37 AM,59,"8,713,497.00","452,076.00",926,Yes,blush blush blush #rjkarishma #shorts,Character / Micro Comedy
RJ Karishma,tbAB82rlmy8,10/23/2023,1:34:33 PM,60,"6,290,825.00","336,427.00",582,Yes,kya apka cupboard bhi apse batey karta hai ? #shorts #rjkarishma,Character / Micro Comedy
RJ Karishma,UJySjgsoT30,10/18/2023,9:51:01 AM,54,"3,414,200.00","192,069.00",497,Yes,just mom things #rjkarishma #shorts,"Family / Relatable, Character / Micro Comedy"
RJ Karishma,vFi3ZRPlK7o,10/1/2023,5:32:23 AM,61,"5,521,671.00","267,528.00",691,Yes,arrey yaarrrr #shorts #rjkarishma,Character / Micro Comedy
RJ Karishma,3k726zBrcXs,9/29/2023,5:37:08 AM,59,"13,885,534.00","733,994.00",2511,Yes,kuch bhi bolo ..sach toh bolte hain ye log #shorts #rjkarishma,Character / Micro Comedy
RJ Karishma,T39c0z21Z0E,9/26/2023,5:30:10 AM,60,"7,352,181.00","373,591.00",1426,Yes,tag your sabse sweet cousin #shorts #rjkarishma,Character / Micro Comedy
RJ Karishma,mtV1yYVnfi4,9/18/2023,5:37:41 AM,60,"3,185,852.00","203,902.00",1914,Yes,normal matlab normalü§£ #shorts #rjkarishma,Character / Micro Comedy
RJ Karishma,ApPY8N8RutQ,9/16/2023,9:18:53 AM,19,"2,574,324.00","131,695.00",472,Yes,haan mujhe usko pit-ta dekh sukoon milta hai #shorts #rjkarishma,Character / Micro Comedy
RJ Karishma,pUW3AbJPYCk,9/15/2023,12:04:55 PM,60,"10,454,152.00","582,073.00",1010,Yes,üòùüòù #shorts #rjkarishma,Character / Micro Comedy
RJ Karishma,EseOn8b0fWQ,9/2/2023,2:43:13 PM,59,"4,881,670.00","158,181.00",353,Yes,maa‚ù§Ô∏è #shorts #rjkarishma #shorts,Character / Micro Comedy
RJ Karishma,9UHT4qZ4Zko,8/31/2023,1:54:04 PM,60,"6,830,278.00","384,048.00",890,Yes,madam left madam right #rjkarishma #shorts,Character / Micro Comedy
RJ Karishma,g5SPkx89ywE,8/20/2023,8:46:25 AM,60,"3,935,567.00","217,256.00",847,Yes,kuch yaad aaya? #shorts #rjkarishma,"Character / Micro Comedy, Daily Life / Emotions"
RJ Karishma,1dztEUizFf0,8/9/2023,8:14:42 AM,60,"40,836,731.00","1,791,422.00",3900,Yes,thappad se darr nahi lagta sahab #rjkarishma #shorts,Character / Micro Comedy
RJ Karishma,eUIDOfSFflU,7/31/2023,11:01:36 AM,59,"6,697,742.00","393,289.00",2093,Yes,kiski yaad aa gai? #rjkarishma #shorts,"Character / Micro Comedy, Daily Life / Emotions"
RJ Karishma,3W3Xw2opy_o,7/26/2023,11:56:52 AM,61,"17,795,519.00","764,172.00",3785,Yes,parshann kardiya haiüòù #shorts #rjkarishma,Character / Micro Comedy
RJ Karishma,OnQS8vXjIqg,7/25/2023,10:15:26 AM,61,"3,427,561.00","189,917.00",360,Yes,that one couple in school,"POV / Kids & Teens, Romance / Relationships"
RJ Karishma,V07UvDlu8wo,7/16/2023,6:56:31 AM,60,"14,114,320.00","804,375.00",3546,Yes,ghuuuu morning #rjkarishma,Character / Micro Comedy
RJ Karishma,B97Cg4nVAv8,7/2/2023,6:13:58 AM,61,"6,175,179.00","364,193.00",1356,Yes,no ma‚Äôam..yes ma‚Äôam,Other
RJ Karishma,ImoxZa2i3cY,6/28/2023,10:06:58 AM,59,"7,899,760.00","382,929.00",814,Yes,just mom things #dhorts #rjkarishma,"Family / Relatable, Character / Micro Comedy"
RJ Karishma,kR0Gt6M1Gvw,6/20/2023,6:11:27 AM,60,"5,236,451.00","303,549.00",737,Yes,don‚Äôt touch me #shorts #rjkarishma,Character / Micro Comedy
RJ Karishma,UFSk9Jnm-UE,6/15/2023,8:02:02 AM,61,"7,570,258.00","406,475.00",480,Yes,kya kehna chahenge aap log #shorts #rjkarishma,Character / Micro Comedy
RJ Karishma,aoq-ylm-llc,6/11/2023,8:05:16 AM,60,"4,510,883.00","271,011.00",1390,Yes,kabhi mere ghar party mai aaye toh ye yaad rakhna #shorts #rjkarishma,"Family / Relatable, Character / Micro Comedy, Daily Life / Emotions"
RJ Karishma,T9x0FR9dhiI,5/30/2023,4:00:27 PM,60,"3,336,358.00","195,746.00",608,Yes,coaching wala pyaar #shorts #rjkar,Romance / Relationships
RJ Karishma,ykP6JFxkjS4,5/26/2023,4:12:18 AM,60,"24,686,851.00","1,153,018.00",3312,Yes,bachpan ka pyaar #shorts #rjkarishma,"Character / Micro Comedy, Romance / Relationships"
RJ Karishma,JUpxE0WlXjU,5/21/2023,6:10:34 AM,60,"26,252,067.00","1,205,233.00",7038,Yes,when you‚Äôve guests at home #rjkarishma #shorts,Character / Micro Comedy
RJ Karishma,72XAKXha9L4,5/12/2023,4:19:56 AM,60,"7,662,828.00","461,403.00",1591,Yes,chapter no fourrrrrrrrrrrrrrrrrrrrr #shorts #rjkarishma,Character / Micro Comedy
RJ Karishma,AnKY3oH_TK8,5/8/2023,4:31:08 AM,60,"13,720,517.00","814,897.00",1599,Yes,halo baar se good morning bolna mar bhoolna #rjkarishma #shorts,Character / Micro Comedy
RJ Karishma,5ONjThj2Gtc,5/1/2023,4:55:19 AM,59,"6,685,394.00","345,770.00",588,Yes,damaad ji in the house #rjkarishma #shorts,Character / Micro Comedy
RJ Karishma,QarqubOHCtU,4/27/2023,5:51:54 AM,60,"38,085,567.00","1,776,822.00",3441,Yes,kuch bhi bolna hai aur kabhi bolna hai‚Ä¶#rjkarishma #shorts,Character / Micro Comedy
RJ Karishma,6UpnSMBpQC8,4/22/2023,8:07:03 AM,60,"9,063,632.00","523,967.00",1669,Yes,aha jau mai yaar‚Ä¶ye bata do üò≠üò≠#rjkarishma #comedy #shorts,"Character / Micro Comedy, Comedy / Funny"
RJ Karishma,xVP4rEPPD8g,4/18/2023,6:04:10 AM,60,"10,792,666.00","671,848.00",1079,Yes,babies calm down,Other
RJ Karishma,16eQ_ysqNRk,4/14/2023,4:23:58 AM,60,"10,375,818.00","488,512.00",775,Yes,choti behene aisi kyu hoti hai #rjkarishma #shorts,Character / Micro Comedy
RJ Karishma,15TJs4c5E2k,4/11/2023,4:07:54 AM,61,"7,131,794.00","435,655.00",1272,Yes,maami ji in the house #rjkarishma #comedy #shorts,"Family / Relatable, Character / Micro Comedy, Comedy / Funny"
RJ Karishma,eveMq5JwS3o,4/7/2023,9:07:42 AM,60,"2,815,491.00","163,029.00",260,Yes,and the sweetest person award goes to mummy ji #rjkarishma #shorts,"Family / Relatable, Character / Micro Comedy"
RJ Karishma,x1D8dHGK5U0,4/6/2023,4:06:45 AM,59,"6,802,639.00","440,221.00",555,Yes,kissi ko yaad aai ?? #shorts #rjkarishma,"Character / Micro Comedy, Daily Life / Emotions"
RJ Karishma,eDZ1YnkFChI,4/2/2023,3:48:02 PM,61,"10,714,632.00","632,695.00",1059,Yes,uncle uncle apki bike ka stand laga hua hai‚Ä¶#rjkarishma #shorts,Character / Micro Comedy
RJ Karishma,BmvyuIpWBl0,3/29/2023,3:39:15 AM,59,"3,506,646.00","199,081.00",363,Yes,every padosi be like #rjkarishma #shorts,Character / Micro Comedy
RJ Karishma,c5v7uWuzSps,3/26/2023,4:43:09 AM,61,"6,001,492.00","378,416.00",801,Yes,kabhi hua hai apke sath? #rjkarishma #comedy #shorts,"Character / Micro Comedy, Comedy / Funny"
RJ Karishma,ScokUCwmC4Q,3/23/2023,3:25:12 AM,60,"5,539,951.00","342,633.00",935,Yes,kabhi pala pada hai aise cousins se #rjkarishma #comedy,"Character / Micro Comedy, Comedy / Funny"
RJ Karishma,DaZNLRXJi3g,3/18/2023,4:47:09 AM,61,"7,001,692.00","389,598.00",1057,Yes,dikha diye stunts #comedy #rjkarishma,"Character / Micro Comedy, Comedy / Funny"
RJ Karishma,xhZ-FFCF-6I,3/11/2023,11:10:56 AM,58,"6,986,882.00","403,513.00",1185,Yes,bua no i‚Äôm the house #rjkarishma #shorts #comedy,"Family / Relatable, Character / Micro Comedy, Comedy / Funny"
RJ Karishma,P-4Pe_69rzQ,3/4/2023,8:01:17 AM,61,"11,526,028.00","713,867.00",756,Yes,ye itna kyu rote hain log choti choti games mai?? koi batayega mujhe ? #rjkarishma #comedy #shorts,"Character / Micro Comedy, Comedy / Funny"
RJ Karishma,cfB7aZIlqmo,2/27/2023,3:49:15 AM,60,"8,448,470.00","459,770.00",1285,Yes,relatable?? #rjkarishma #comedy #shorts,"Character / Micro Comedy, Daily Life / Emotions, Comedy / Funny"
RJ Karishma,ri818nVQid0,2/19/2023,6:28:48 AM,59,"17,331,000.00","911,674.00",2470,Yes,kisiki yaad aai ?? #rjkarishma #shorts,"Character / Micro Comedy, Daily Life / Emotions"
RJ Karishma,iaB46WzzSXg,2/17/2023,4:23:23 AM,61,"3,189,621.00","208,747.00",257,Yes,bua hi ki samjhdar beta,Family / Relatable
RJ Karishma,kYm7jK0a1Ww,2/14/2023,5:00:53 AM,61,"20,694,562.00","1,203,097.00",845,Yes,pooja kaun hai??? #rjkarishma #comedy,"Character / Micro Comedy, Comedy / Funny"
RJ Karishma,xJCEaXjWkYw,2/1/2023,10:50:09 AM,61,"6,497,296.00","394,183.00",1415,Yes,khatam tata bye bye #rjkarishma #comedy,"Character / Micro Comedy, Comedy / Funny"
RJ Karishma,YAkna-HlXJo,1/27/2023,9:23:50 AM,60,"5,961,862.00","327,451.00",553,Yes,bua ji in the house #rjkarishma #comedy,"Family / Relatable, Character / Micro Comedy, Comedy / Funny"
RJ Karishma,lhO7faH_MTo,1/25/2023,9:13:00 AM,61,"41,461,870.00","1,731,384.00",4819,Yes,dheere bolo par boloü•∞ #rjkarishma #comedy #shorts,"Character / Micro Comedy, Comedy / Funny"
RJ Karishma,ZHHDeUiqbCM,1/20/2023,5:51:26 AM,60,"8,581,076.00","584,900.00",1173,Yes,yaad aagaye school ke din?? #rjkarishma #shorts #comedy,"POV / Kids & Teens, Character / Micro Comedy, Daily Life / Emotions, Comedy / Funny"
RJ Karishma,KKM9h228I7s,1/9/2023,9:48:08 AM,59,"17,804,295.00","970,401.00",3428,Yes,batao ye chamatkar hua kaise #rjkarishma #shorts #comedy,"Character / Micro Comedy, Comedy / Funny"
RJ Karishma,VIabHvy5vG0,1/4/2023,8:57:57 AM,60,"3,921,749.00","264,661.00",540,Yes,nurses all over the world.y‚Äôall are truly appreciated! thank you for taking care of our loved ones‚ô•Ô∏è,Romance / Relationships
RJ Karishma,oNgsgSJ0zE8,1/2/2023,9:47:15 AM,61,"2,860,414.00","209,163.00",596,Yes,kiski yaad aa gai?? #rjkarishma #reels,"Character / Micro Comedy, Daily Life / Emotions, Trends / Challenges / Social Media"
RJ Karishma,LjL-dewRlFM,12/26/2022,4:01:29 AM,20,"12,248,196.00","604,544.00",1434,Yes,apni bestie ko tag karo #rjkarishma #comedy #shorts,"POV / Kids & Teens, Character / Micro Comedy, Comedy / Funny"
RJ Karishma,KUS1nld2HMg,12/25/2022,6:40:39 AM,60,"10,120,750.00","667,819.00",960,Yes,mujhe darr nahi lagta‚Ä¶‚Ä¶.mujhe boht darr lagta hai #rjkarishma #comedy,"Character / Micro Comedy, Comedy / Funny"
RJ Karishma,-oB8_MTmS34,12/19/2022,10:07:02 AM,61,"3,398,086.00","266,591.00",430,Yes,relatable?? #rjkarishma #comedy,"Character / Micro Comedy, Daily Life / Emotions, Comedy / Funny"
RJ Karishma,w7pvIqQU-rI,12/14/2022,9:40:59 AM,61,"19,581,184.00","1,231,000.00",2574,Yes,shadi wala ghar #rjkarishma,"Family / Relatable, Character / Micro Comedy"
RJ Karishma,2ETcvO-xOvM,12/13/2022,9:33:36 AM,32,"2,682,233.00","123,565.00",118,Yes,damad ji in the house #rjkarishma,"Family / Relatable, Character / Micro Comedy"
RJ Karishma,YeyI0wIk7Hk,12/6/2022,5:40:34 AM,59,"5,112,597.00","367,260.00",970,Yes,dukh dard peeda #rjkarishma #shorts,Character / Micro Comedy
RJ Karishma,JaaGlJszH0I,11/29/2022,11:09:49 AM,61,"16,095,211.00","1,081,946.00",2696,Yes,aur inn logo ke ghar se jane ke baad hume taane sunn ne padte hainüòí #rjkarishma,"Family / Relatable, Character / Micro Comedy"
RJ Karishma,ZqEDzvW46kY,11/25/2022,10:53:52 AM,59,"13,366,545.00","890,869.00",1423,Yes,dukh dard peedha #rjkarishma,Character / Micro Comedy
RJ Karishma,I8ulZuF5t4Q,11/22/2022,5:09:34 AM,61,"17,250,276.00","1,216,447.00",2150,Yes,mera dil hai pukare aaja #comedy,Comedy / Funny
RJ Karishma,xwwFw44RP3Q,11/19/2022,8:23:52 AM,61,"3,983,379.00","249,057.00",305,Yes,toh batao bacho aalu ka partha kisne banayaü•∫ #rjkarishma,Character / Micro Comedy
RJ Karishma,qohTmFzI4xY,11/15/2022,6:21:41 AM,61,"5,381,637.00","310,081.00",1084,Yes,east or west my parlor didi is the best #rjkarishma,"Character / Micro Comedy, Fashion / Style / Appearance"
RJ Karishma,30QFQH9lAjw,11/9/2022,12:13:43 PM,61,"7,434,184.00","639,287.00",812,Yes,kaun kaun aisa kiya hai..attendance please #rjkarishma,Character / Micro Comedy
RJ Karishma,Td1ff8INnK0,11/7/2022,12:06:20 PM,195,"1,909,313.00","50,381.00",580,No,kya kehna chahenge nani ki tareef mai #comedy #rjkarishma,"Family / Relatable, Character / Micro Comedy, Comedy / Funny"
RJ Karishma,oDKtf1zYBsg,11/3/2022,10:51:00 AM,61,"2,992,176.00","182,906.00",279,Yes,kya hoga ab vicky ka ??#indusindbank #indusindbanksavingaccount,Character / Micro Comedy
RJ Karishma,rjN6zCj-ydM,10/31/2022,2:34:03 PM,30,"11,728,989.00","409,478.00",2519,Yes,jante ho aise aunty ko?? #rjkarishma #comedy,"Character / Micro Comedy, Comedy / Funny"
RJ Karishma,uH3VSbxa1gw,10/29/2022,4:53:22 AM,61,"17,230,996.00","1,224,933.00",958,Yes,kis kis ne sunna hai aisa ??? #rjkarishma #share #comedy,"Character / Micro Comedy, Comedy / Funny"
RJ Karishma,sIwiNKD-hg8,10/27/2022,5:03:43 AM,60,"12,639,493.00","864,381.00",3144,Yes,vicky kuch zyada hawa mai udd raha hai‚Ä¶.chikky ko kich karna padega #rjkarishma,Character / Micro Comedy
RJ Karishma,is2zdoLfBc8,10/9/2022,6:28:10 AM,60,"4,333,039.00","264,786.00",571,Yes,apko kya taane padte hain ?#rjkarishma #comedy,"Character / Micro Comedy, Comedy / Funny"
RJ Karishma,mRfbrFowAVM,9/30/2022,4:51:18 AM,59,"5,960,196.00","399,363.00",1087,Yes,fufa ji namaste #rjkarishma #comedy,"Character / Micro Comedy, Comedy / Funny"
RJ Karishma,TJBog9epwKA,9/26/2022,9:23:29 AM,61,"4,342,161.00","265,351.00",499,Yes,kari kari apna experience share karo #rjkarishma #comedy #shorts,"Character / Micro Comedy, Daily Life / Emotions, Comedy / Funny"
RJ Karishma,6-WcrUs03zk,9/20/2022,5:50:10 AM,60,"5,597,337.00","352,040.00",999,Yes,kissi yaad aagai ?? #rjkarishma #comedy,"Character / Micro Comedy, Daily Life / Emotions, Comedy / Funny"
RJ Karishma,nroFrGxWVYQ,9/16/2022,9:06:56 AM,58,"8,412,157.00","565,462.00",1474,Yes,hello friends paneer ke french fries khalo #comedy #rjkarishma,"Character / Micro Comedy, Food / Cooking, Comedy / Funny"
RJ Karishma,sq5K7WnJFlc,9/13/2022,4:33:42 AM,61,"20,136,843.00","1,360,228.00",2627,Yes,aunty kafi late ho rahi thi‚Ä¶.par fir darwaze par aunty ko time mil gaya #rjkarishma,Character / Micro Comedy
RJ Karishma,QZoeCt8y9Ks,9/10/2022,5:20:21 AM,60,"11,979,816.00","823,578.00",2680,Yes,ab chutney toh chikky ki banegi #rjkarishma #comedy,"Character / Micro Comedy, Comedy / Funny"
RJ Karishma,e8He8ml05Wg,9/6/2022,8:24:41 AM,61,"12,201,834.00","819,987.00",3421,Yes,apko kya instructions milti hai ?#comedy #rjkarishma,"Character / Micro Comedy, Comedy / Funny"
RJ Karishma,6vuiTVtvE_Y,9/4/2022,5:28:51 AM,59,"89,141,464.00","4,186,010.00",8677,Yes,hello chachi‚Ä¶ishhhh #rjkarishma #comedy,"Family / Relatable, Character / Micro Comedy, Comedy / Funny"
RJ Karishma,SIz1AkPoioA,8/31/2022,6:16:24 AM,60,"10,943,827.00","786,949.00",846,Yes,ye kuch relatives teacher kyu ban jate hain #rjkarishma #comedy,"Character / Micro Comedy, Comedy / Funny"
RJ Karishma,VBc_9ogbP4Q,8/29/2022,4:26:52 AM,61,"21,826,145.00","1,477,341.00",1786,Yes,kya apka aisa koi dost hai ??? #rjkarishma #comedy,"Character / Micro Comedy, Comedy / Funny"
RJ Karishma,49h2sGbsmcU,8/26/2022,6:48:19 AM,60,"9,541,852.00","643,042.00",1160,Yes,muh se nikal gaya mummy ji #rjkarishma #comedy,"Family / Relatable, Character / Micro Comedy, Comedy / Funny"
RJ Karishma,vzueEe9MsJM,8/23/2022,2:04:03 PM,248,"4,065,232.00","140,650.00",1805,No,kabhi apke sath hua hai aisa ??? #rjkarishma #comedy @saurabhghadgevines,"Character / Micro Comedy, Comedy / Funny"
RJ Karishma,o5Z42jvG6T0,8/19/2022,1:07:39 PM,59,"12,747,225.00","756,379.00",1679,Yes,nani is the best,Family / Relatable
RJ Karishma,n7qbgGzcwsw,7/27/2022,11:47:08 AM,59,"22,326,069.00","1,429,095.00",2822,Yes,bua ji in the house #shorts #rjkarishma,"Family / Relatable, Character / Micro Comedy"
RJ Karishma,2G5ECPPbieA,7/18/2022,2:01:08 PM,32,"20,686,141.00","1,220,952.00",3228,Yes,kis kis ko umeed thi chikky ke pitne ki #rjkarishma #comedy,"Character / Micro Comedy, Comedy / Funny"
RJ Karishma,g-fqdzJIuTA,7/17/2022,3:03:14 AM,100,"3,007,862.00","73,875.00",411,Yes,haye‚ù§Ô∏è,Other
RJ Karishma,R2NhPMdbdk0,7/14/2022,7:34:45 AM,87,"2,670,576.00","105,207.00",930,Yes,kya chikky ki mummy ko milega mauka ranbir k sath movie jaane kaüòÖ #rjkarishma,"Family / Relatable, Character / Micro Comedy"
RJ Karishma,Mb9fAnnqM54,7/6/2022,3:50:38 AM,61,"27,652,639.00","1,684,798.00",1880,Yes,crash course toh banta hai mummy ji,Family / Relatable
RJ Karishma,CHwrWSb23Uo,7/3/2022,4:48:25 AM,61,"21,645,323.00","1,505,629.00",1284,Yes,muh par kaun bolta hai acha nahi laga :( gazab bezatti hai yaar üòí #rjkarishma #comedy,"Character / Micro Comedy, Comedy / Funny"
RJ Karishma,SQYebLre-10,6/30/2022,7:54:49 AM,60,"10,126,158.00","675,114.00",766,Yes,travel scenes #rjkarishma #comedy,"Character / Micro Comedy, Brand / Ads / Events, Comedy / Funny"
RJ Karishma,JoZp-Eesrhw,6/23/2022,10:46:02 AM,60,"18,262,743.00","1,263,465.00",2237,Yes,sab log apke stylist ban jate hain‚Ä¶kyu‚Ä¶kyu ?? #rjkarishma,Character / Micro Comedy
RJ Karishma,_v9IL9Y5rfc,6/22/2022,3:54:56 AM,53,"15,182,222.00","921,845.00",2563,Yes,isse kehte hain ungli pakdao toh log hath he pakad lete hain #rjkarishma #comedy,"Character / Micro Comedy, Comedy / Funny"
RJ Karishma,E6T-eZ92TB8,6/14/2022,7:13:25 AM,86,"3,572,515.00","141,202.00",2724,Yes,apki mummy ka fav dialogue kya hai?? #rjkarishma #comedy,"Family / Relatable, Character / Micro Comedy, Comedy / Funny"
RJ Karishma,uXp987q6vpo,6/5/2022,5:22:33 AM,61,"22,222,709.00","1,611,163.00",2570,Yes,apke sath hota hai kya aisa?,Other
RJ Karishma,PjN4w-KnCvc,5/31/2022,6:35:13 AM,58,"115,574,577.00","5,218,885.00",10517,Yes,uffü§£ #rjkarishma #comedy,"Character / Micro Comedy, Comedy / Funny"
RJ Karishma,KyGTRxk6rJo,5/28/2022,12:18:01 PM,16,"6,504,172.00","249,691.00",158,Yes,ye toh hona he tha #rjkarishma #comedy,"Character / Micro Comedy, Comedy / Funny"
RJ Karishma,F7yvdEWNT14,5/28/2022,6:41:28 AM,31,"7,828,913.00","389,840.00",1469,Yes,my #javrun when vicky wants to party with his friends! #shorts #sponsorship,"Character / Micro Comedy, Brand / Ads / Events"
RJ Karishma,X8RRGJFkyhE,5/24/2022,3:52:29 AM,58,"23,887,958.00","1,710,082.00",7145,Yes,breakthrough talent of the year...yey.....thanku so much for your support:),Other
RJ Karishma,KFSkzlGklzQ,5/16/2022,5:53:22 AM,103,"3,539,225.00","117,783.00",1230,Yes,yahi sunn sunkar meri zindagi guzar rahi hai #rjkarishma #comedy,"Character / Micro Comedy, Comedy / Funny"
RJ Karishma,DrvVUs1R5t4,5/10/2022,4:37:06 AM,60,"7,531,043.00","419,103.00",810,Yes,kuch rishtedar aise bhi #rjkarishma #contentcreator,"Family / Relatable, Character / Micro Comedy"
RJ Karishma,ud-YVHx48AU,5/9/2022,9:25:23 AM,61,"43,346,497.00","2,566,335.00",3863,Yes,apke sath hota hai aisa ?? #rjkarishma #contentcreator,Character / Micro Comedy
RJ Karishma,MMK2hI6-goA,4/28/2022,10:31:37 AM,49,"7,022,625.00","431,594.00",441,Yes,aarti didi ghar gai hain change karne #rjkarishma #comedyvideo,"Family / Relatable, Character / Micro Comedy, Comedy / Funny"
RJ Karishma,Y5esc-WD174,4/28/2022,7:38:07 AM,59,"57,123,622.00","3,215,704.00",5822,Yes,ye mara bahu ne sixer #rjkarishma #comedy,"Character / Micro Comedy, Comedy / Funny"
RJ Karishma,kcwvLLslSeE,4/24/2022,5:49:45 AM,118,"4,974,148.00","170,295.00",1952,Yes,karo karo bhar bhar k apne bhaiyon ko tag karo #rjkarishma,Character / Micro Comedy
RJ Karishma,_hrg4f7qB5M,4/19/2022,9:53:43 AM,60,"12,725,747.00","820,348.00",1613,Yes,nani best hai #rjkarishma #contentcreator,"Family / Relatable, Character / Micro Comedy"
RJ Karishma,TNvG0RIF98w,4/16/2022,7:38:56 AM,60,"10,086,422.00","669,716.00",1244,Yes,kuch rishtedar aise bhi #rjkarishma,"Family / Relatable, Character / Micro Comedy"
RJ Karishma,e0MYhLsWdQI,4/12/2022,11:54:26 AM,59,"7,222,563.00","379,560.00",686,Yes,kya kehna chahenge aap vicky k liyeü§£ #rjkarishma #shorts,Character / Micro Comedy
RJ Karishma,EeuCjjTBEXQ,4/7/2022,9:19:24 AM,134,"3,259,762.00","110,131.00",915,Yes,people in lift #rjkarishma #comedy,"Character / Micro Comedy, Comedy / Funny"
RJ Karishma,rbq8tliSBDc,4/5/2022,5:09:30 AM,61,"20,193,304.00","1,379,887.00",2013,Yes,vicky ko iska jawab milega #rjkarishma #comedy,"Character / Micro Comedy, Comedy / Funny"
RJ Karishma,KLHyutia9yI,4/2/2022,7:17:44 AM,60,"7,906,055.00","504,420.00",934,Yes,bahu‚Äôs got talent #rjkarishma #comedy,"Character / Micro Comedy, Comedy / Funny"
RJ Karishma,SgP2aZ1AIgQ,3/30/2022,3:59:39 AM,60,"16,758,743.00","1,111,363.00",3180,Yes,"if u can‚Äôt think of anything helpful to say, then don‚Äôt say anything.zarorat kya hai ?? #rjkarishma",Character / Micro Comedy
RJ Karishma,Whe_8oB7ZMA,3/25/2022,4:04:24 AM,61,"37,037,934.00","2,640,592.00",3157,Yes,kaun hai ye log kaha se aate hainü•∫,Other
RJ Karishma,1NnE1aFy_bc,3/22/2022,4:08:49 AM,61,"33,717,899.00","2,530,301.00",3254,Yes,#rjkarishma #comedy,"Character / Micro Comedy, Comedy / Funny"
RJ Karishma,72mrpLdmEgc,3/18/2022,3:25:11 AM,59,"5,865,538.00","360,043.00",1167,Yes,boht ajeeb log hai yaar boht ajeebüòù #comedy,Comedy / Funny
RJ Karishma,k0O44-bF5sY,3/13/2022,1:30:23 PM,53,"17,866,135.00","1,203,581.00",1549,Yes,makaan malik kuch aise bhi #rjkarishma #comedy,"Character / Micro Comedy, Comedy / Funny"
RJ Karishma,Qj3gY_-zzMI,3/7/2022,12:13:29 PM,60,"63,603,161.00","3,691,537.00",5680,Yes,sangeet wala scene #rjkarishma #comedy,"Character / Micro Comedy, Comedy / Funny"
RJ Karishma,YBHO0O0l5Qg,3/3/2022,12:49:45 PM,61,"157,908,878.00","7,576,639.00",18894,Yes,privacy üôà #rjkarishma #comedy,"Character / Micro Comedy, Comedy / Funny"
RJ Karishma,yzZr12CMP8o,2/27/2022,5:03:28 AM,60,"8,650,186.00","552,719.00",1390,Yes,kis kis ko sukoon mila #comedy #rjkarishma,"Character / Micro Comedy, Comedy / Funny"
RJ Karishma,B9jZgzQxmWA,2/23/2022,4:14:07 AM,61,"112,755,316.00","5,786,578.00",4509,Yes,bua in the house #rjkarishma #shorts,"Family / Relatable, Character / Micro Comedy"
RJ Karishma,IpzQndgt7Yc,2/20/2022,4:56:50 AM,60,"34,833,187.00","2,284,858.00",3523,Yes,ye kya hogaya mummy ji #rjkarishma #comedy,"Family / Relatable, Character / Micro Comedy, Comedy / Funny"
RJ Karishma,FSWbXwsoRRA,2/17/2022,4:50:04 AM,61,"56,931,986.00","3,326,456.00",3628,Yes,story of my house #rjkarishma,"Character / Micro Comedy, Daily Life / Emotions"
RJ Karishma,Ssh5B1ha4Pg,2/11/2022,3:56:57 AM,61,"10,216,735.00","606,202.00",1266,Yes,ab mujhe vicky par taras aane laga hai #shorts #rjkarishma,Character / Micro Comedy
RJ Karishma,K6YJsy7Nyyc,2/6/2022,5:20:41 AM,61,"4,650,237.00","223,359.00",356,Yes,koi rakhe ‚Äúkalash‚Äù aur koi kare ‚Äúkalesh‚Äù #shorts,Other
RJ Karishma,XIRokLRqkIs,2/2/2022,6:06:58 AM,60,"65,748,499.00","3,321,165.00",8120,Yes,bhaiya apne toh mera pura suit he kharab kar diya:( #shorts #rjkarishma,"Family / Relatable, Character / Micro Comedy"
RJ Karishma,wX-9i3O88Vk,1/25/2022,4:26:49 AM,61,"18,063,903.00","1,262,577.00",2083,Yes,kyu karte hain ye aisaüòí #shorts,Other
RJ Karishma,_vBFBmscVU4,1/22/2022,5:50:58 PM,61,"16,548,450.00","1,179,931.00",1512,Yes,normal ya methi?? #rjkarishma #contentcreator #shorts,Character / Micro Comedy
RJ Karishma,zHrZLNnyMW4,1/21/2022,4:59:48 AM,42,"7,876,245.00","576,041.00",1706,Yes,kar diya chikky ne haircut üòÇ #shorts #youtubepartner,"Character / Micro Comedy, Trends / Challenges / Social Media"
RJ Karishma,wieilHPQVO8,1/18/2022,5:24:52 AM,60,"27,632,279.00","1,821,100.00",3100,Yes,humare yaha cell bina maar khaye nahi manta #shorts #rjkarishma,Character / Micro Comedy
RJ Karishma,mMHz535nAJs,1/16/2022,6:59:11 AM,55,"18,059,092.00","1,171,754.00",1479,Yes,kya hogaya hai alpi speed ko mummy ji #shorts #rjkarishma,"Family / Relatable, Character / Micro Comedy"
RJ Karishma,8ST7eLskwGs,1/15/2022,8:01:03 AM,32,"45,393,714.00","2,238,258.00",2877,Yes,dedicated to all my lovely ladies out there :‚Äô) #shorts #rjkarishma #youtubepartner,"Character / Micro Comedy, Trends / Challenges / Social Media, Romance / Relationships, Pets / Animals"
RJ Karishma,a4Ht4wURYms,1/14/2022,4:16:56 AM,60,"39,314,498.00","1,727,764.00",2846,Yes,hadd hoti hai yaarüòí #shorts #youtubepartner #rjkarishma,"Character / Micro Comedy, Trends / Challenges / Social Media"
RJ Karishma,T_xWn6qXNR8,1/12/2022,3:53:47 AM,56,"51,028,104.00","3,137,714.00",5359,Yes,apke sath hua hai aisa ? #rjkarishma #shorts,Character / Micro Comedy
RJ Karishma,0Jd43NPp0Do,1/11/2022,4:37:12 PM,51,"14,826,405.00","1,068,129.00",1454,Yes,dikkat kya hai agar rishtedaron k khazane mai se ek do tukde hume mil gaye toh?#rjkarishma #shorts,"Family / Relatable, Character / Micro Comedy"
RJ Karishma,95cOqVKbrBY,1/10/2022,4:11:55 AM,57,"7,661,138.00","517,547.00",522,Yes,kya tumhe mujh par pyaar nahi aata ??? üòí #rjkarishma #shorts #youtubepartner,"Character / Micro Comedy, Trends / Challenges / Social Media, Romance / Relationships"
RJ Karishma,rzFKxeAGWWQ,1/8/2022,6:59:15 AM,56,"13,026,809.00","947,722.00",1888,Yes,girls in parlour #rjkarishma #comedy,"Character / Micro Comedy, Comedy / Funny"
RJ Karishma,y972-DQa2Ag,1/6/2022,9:33:16 AM,48,"12,077,751.00","857,534.00",1559,Yes,hriday parivartan üòÇ #rjkarishma #shorts #youtubepartner,"Character / Micro Comedy, Trends / Challenges / Social Media"
RJ Karishma,lrTriOjPSdI,1/6/2022,5:07:57 AM,34,"19,782,085.00","1,299,834.00",1471,Yes,kya hoga chikky ka agala kadam ?? #rjkarishma #shorts,Character / Micro Comedy
RJ Karishma,a0oOwJUS0lg,1/5/2022,5:52:25 PM,30,"10,061,176.00","572,295.00",1006,Yes,kuch bhi ka matlab koi achi sabzi bhi hota hai üòí #shorts #youtubepartner,Trends / Challenges / Social Media
RJ Karishma,9N2mUulfO9M,1/4/2022,5:04:39 AM,61,"33,891,424.00","2,327,166.00",2603,Yes,kya tum bhi snooze button press karte rehte hoüòùüòù #shorts #youtubepartner,Trends / Challenges / Social Media
RJ Karishma,tE73VQmobrU,12/31/2021,3:55:30 AM,60,"49,870,040.00","3,046,529.00",3029,Yes,i love uuu mummy ji #rjkarishma #comedy,"Family / Relatable, Character / Micro Comedy, Comedy / Funny, Romance / Relationships"
RJ Karishma,EQiUOePVLDw,12/30/2021,12:17:53 PM,54,"10,106,345.00","686,165.00",2122,Yes,khatam tata bye bye #rjkarishma #comedy,"Character / Micro Comedy, Comedy / Funny"
RJ Karishma,1NNN7W4sX1s,12/28/2021,4:29:18 AM,60,"141,551,248.00","6,974,300.00",17007,Yes,ye kaun hote hain log jo har cheez ka bura maan jate hain #rjkarishma #shorts #youtubepartner,"Character / Micro Comedy, Trends / Challenges / Social Media"
RJ Karishma,PPHR1F_tWZg,12/26/2021,4:03:08 AM,59,"33,971,150.00","1,969,727.00",2474,Yes,aaya bada badla lene #rjkarishma #shorts #comedy,"Character / Micro Comedy, Comedy / Funny"
RJ Karishma,48vkjSki2Yw,12/24/2021,7:15:57 AM,18,"10,795,136.00","648,654.00",973,Yes,#shorts #rjkarishma,Character / Micro Comedy
RJ Karishma,p1an9AhvBtM,12/23/2021,1:23:36 PM,33,"3,435,688.00","146,892.00",182,Yes,big fanüôÑ #shorts #youtubepartner,Trends / Challenges / Social Media
RJ Karishma,u-cLDw7tlug,12/21/2021,8:36:11 AM,133,"4,703,285.00","138,361.00",1001,Yes,meri photos lena itna bhi aasan nahi hai üòù #rjkarishma #shorts #youtubepartner,"Character / Micro Comedy, Trends / Challenges / Social Media"
RJ Karishma,oPCiMF0G5LE,12/16/2021,6:35:14 AM,55,"9,895,546.00","786,012.00",1592,Yes,gaya vicky kaam se,Character / Micro Comedy
RJ Karishma,VVdpAD0Mrd0,12/15/2021,1:24:40 PM,16,"13,164,216.00","598,587.00",777,Yes,spoiler alert !! kaun hai ye log ‚Ä¶kyu karte hain aisa #rjkarishma #comedy,"Character / Micro Comedy, Comedy / Funny"
RJ Karishma,MKmrVQzDN5Q,12/15/2021,12:23:24 PM,37,"5,800,132.00","470,595.00",2761,Yes,madam aap hain kaun ?? #rjkarishma #shorts #youtubepartner,"Character / Micro Comedy, Trends / Challenges / Social Media"
RJ Karishma,vG21olUMlCg,12/12/2021,6:40:55 AM,60,"29,233,926.00","2,025,662.00",3693,Yes,kya aapke sath aisa hua hai ?? #shorts #youtubepartner #rjkarishma,"Character / Micro Comedy, Trends / Challenges / Social Media"
RJ Karishma,qZXi9FKoCQg,12/10/2021,6:07:35 PM,43,"33,961,746.00","2,196,830.00",6025,Yes,zero figure tamatar #rjkarishma #comedy,"Character / Micro Comedy, Comedy / Funny"
RJ Karishma,yW9QN4nwT88,12/10/2021,5:41:35 AM,61,"6,672,736.00","556,850.00",1144,Yes,kabhi aisa fast ho ? #shorts üôÑ#youtubepartner #rjkarishma,"Character / Micro Comedy, Trends / Challenges / Social Media"
RJ Karishma,SmYH1puKx90,12/7/2021,4:33:28 PM,26,"10,189,545.00","662,399.00",871,Yes,tag your bestie #rjkarishma,"POV / Kids & Teens, Character / Micro Comedy"
RJ Karishma,3hPMCVgSC4A,12/7/2021,1:56:56 PM,58,"26,097,259.00","1,886,299.00",5963,Yes,ab mummy chalte firte kabhi bhi live mai aa jati hainüò≠üò≠ #rjkarishma #shorts #youtubepartner,"Family / Relatable, Character / Micro Comedy, Trends / Challenges / Social Media"
RJ Karishma,4uqgQJQEJ_4,12/5/2021,12:56:04 PM,27,"4,898,593.00","318,401.00",244,Yes,just sibling things #rjkarishma #comedy #shorts,"POV / Kids & Teens, Character / Micro Comedy, Comedy / Funny"
RJ Karishma,CaIO80RiArE,12/5/2021,5:07:38 AM,58,"30,883,977.00","2,050,384.00",3755,Yes,#shorts #youtubepartner,Trends / Challenges / Social Media
RJ Karishma,6ASdn-aY3YM,12/2/2021,3:55:15 AM,59,"26,579,559.00","1,809,150.00",2138,Yes,jo jaha hai wahi rakho #shorts #rjkarishma #comedy,"Character / Micro Comedy, Comedy / Funny"
RJ Karishma,ZTUhrV69igk,11/30/2021,1:29:18 PM,28,"29,032,431.00","1,373,101.00",2543,Yes,chikki tried to save vicky‚Ä¶.but ‚Ä¶#rjkarishma #shorts,Character / Micro Comedy
RJ Karishma,riVuxMrb8qk,11/29/2021,4:29:08 PM,24,"23,356,203.00","1,374,005.00",1935,Yes,kya apke sath bhi aisa hota hai ?? #shorts #youtubepartner #rjkarishma,"Character / Micro Comedy, Trends / Challenges / Social Media"
RJ Karishma,b3lQkABRCaM,11/28/2021,4:41:59 PM,30,"16,900,349.00","1,111,798.00",2049,Yes,guests ke jate he üòÇ #rjkarishma #shorts #youtubepartner,"Character / Micro Comedy, Trends / Challenges / Social Media"
RJ Karishma,27iHtYaKOSk,11/27/2021,3:18:41 AM,48,"24,478,691.00","1,432,855.00",4045,Yes,mujhse nahi ho payi yaar baat relatives seüò≠üò≠ #shorts #youtubepartner #rjkarishma,"Character / Micro Comedy, Trends / Challenges / Social Media"
RJ Karishma,d85_lFyzUTc,11/25/2021,3:52:13 AM,16,"9,110,502.00","463,715.00",3150,Yes,instagram ke iss trend ne kya apke ankh naak se bhi khoon nikala hai?? #rjkarishma #comedy,"Character / Micro Comedy, Comedy / Funny, Trends / Challenges / Social Media"
RJ Karishma,FgIlYwaBRFM,11/23/2021,4:43:01 AM,61,"23,520,628.00","1,739,999.00",2370,Yes,i love pani puri (what about you) ?? #rjkarishma #shorts #youtubepartner #youtube #comedy,"Character / Micro Comedy, Food / Cooking, Comedy / Funny, Trends / Challenges / Social Media, Romance / Relationships"
RJ Karishma,ZbqQmehKqTs,11/22/2021,7:30:30 AM,31,"10,237,398.00","554,841.00",408,Yes,soul to soul connection #shorts #rjkarishma #comedy,"Character / Micro Comedy, Comedy / Funny"
RJ Karishma,1i-LYOo4qrE,11/20/2021,4:33:44 AM,58,"45,706,724.00","2,558,071.00",3430,Yes,just couple things #rjkarishma #shorts #youtubepartner,"Character / Micro Comedy, Trends / Challenges / Social Media, Romance / Relationships"
RJ Karishma,cvqBgjXKhG0,11/19/2021,12:57:42 PM,47,"18,696,334.00","1,136,843.00",1752,Yes,ye unn logo k liye jo roz dm karke bolte hain ‚Äúhume apke bhai (vicky) par crush hai‚Äù üòí#rjkarishma,"Character / Micro Comedy, Romance / Relationships"
RJ Karishma,QBLwd6xKkAk,11/18/2021,5:49:53 AM,25,"16,233,896.00","740,022.00",2180,Yes,phone dekhkar smile karte ho toh aas paas bhi dekh liya karoüòí #rjkarishma #shorts #youtubepartner,"Character / Micro Comedy, Trends / Challenges / Social Media"
RJ Karishma,uz7ekKmIga4,11/17/2021,5:11:35 PM,23,"41,410,761.00","1,879,292.00",3310,Yes,"dear salon , blow dry karke humari ummeed na bhadaye #rjkarishma #comedy","Character / Micro Comedy, Comedy / Funny"
RJ Karishma,J7mE4PTiOac,11/16/2021,4:51:22 AM,54,"75,754,703.00","3,239,063.00",3529,Yes,zor zor se ratta lagao aur batao hum kitna padh rahe hainüòÇüòÇ #youtubepartner #shorts,Trends / Challenges / Social Media
RJ Karishma,wjFUhTJAkjw,11/15/2021,8:32:02 AM,16,"14,381,667.00","356,733.00",421,Yes,full video kal ke teaser k baad |#rjkarishma #comedy,"Character / Micro Comedy, Comedy / Funny"
RJ Karishma,0zRb0le8wMg,11/13/2021,4:30:13 AM,21,"5,309,058.00","301,625.00",712,Yes,ye nahi hona chahiye tha #rjkarishma,Character / Micro Comedy
RJ Karishma,NPccIOu6y5c,11/12/2021,5:26:50 PM,43,"72,291,947.00","2,503,276.00",11535,Yes,tag your tubelight friend üëª#rjkarishma #comedy #shorts,"Character / Micro Comedy, Comedy / Funny"
RJ Karishma,otEieuR6Pnk,11/11/2021,3:35:54 AM,54,"37,454,028.00","2,250,171.00",4226,Yes,kabhi ek jaisa nahi lagta üò´ #rjkarishma #shorts #youtubepartner,"Character / Micro Comedy, Trends / Challenges / Social Media"
RJ Karishma,ld75iqsy0tk,11/10/2021,4:44:48 PM,21,"28,962,435.00","1,441,847.00",1592,Yes,aur aise chikky ka chef bann ne ka sapna adhoora reh gaya üòí #shorts #rjkarishma #comedy,"Character / Micro Comedy, Food / Cooking, Comedy / Funny"
RJ Karishma,C3Df-cnPvUI,11/9/2021,3:34:53 AM,60,"65,302,981.00","3,760,861.00",4748,Yes,yaar weekend par ghar nahi aana chahiye kissi keüòí #shorts #youtubepartner,"Family / Relatable, Trends / Challenges / Social Media"
RJ Karishma,rtiX8BaxIA4,11/7/2021,12:17:18 PM,16,"12,622,415.00","599,280.00",2252,Yes,ab chikky ki kya galti thi isme:( #rjkarishma #shorts #trend,"Character / Micro Comedy, Trends / Challenges / Social Media"
RJ Karishma,gSsGMt6tsYk,11/7/2021,3:45:11 AM,58,"42,192,941.00","2,396,118.00",3067,Yes,that reaction üòâ #shorts #rjkarishma #youtubepartner,"Character / Micro Comedy, Trends / Challenges / Social Media"
RJ Karishma,b1EpzKRD8-A,11/5/2021,4:03:57 PM,30,"13,331,369.00","754,393.00",788,Yes,bas yahi kehna tha #rjkarishma #comedy,"Character / Micro Comedy, Comedy / Funny"
RJ Karishma,2uQrHQfYjjY,11/5/2021,5:04:06 AM,56,"27,278,652.00","1,651,400.00",1388,Yes,ek kaam karo family whatsapp group par puchlo sabseüòâ #shorts #youtubepartner #rjkarishma,"Character / Micro Comedy, Trends / Challenges / Social Media"
RJ Karishma,hcdDwfjLELY,11/3/2021,3:55:37 AM,17,"23,444,554.00","897,276.00",1067,Yes,m too shy to dance ‚Ä¶.isliye baar baar bulana padega ..yaad rakhna ! #rjkarishma #comedy,"Character / Micro Comedy, Daily Life / Emotions, Comedy / Funny"
RJ Karishma,wVUeKQ2yiz4,11/2/2021,6:47:05 PM,44,"33,200,589.00","1,840,448.00",2500,Yes,chikky ki haddiyon ka bana churma üòÇ#rjkarishma #comedy,"Character / Micro Comedy, Comedy / Funny"
RJ Karishma,Vydeci6ui2s,10/31/2021,6:07:09 AM,60,"17,694,606.00","1,068,377.00",2122,Yes,yaar ye kya hogayaüò≠üò≠ #shorts #youtubepartner,Trends / Challenges / Social Media
RJ Karishma,LnPtvITBz-c,10/30/2021,5:04:59 AM,49,"41,023,326.00","2,183,737.00",2470,Yes,ye game squid game se bhi zyada khatarnak hai ..ek baar entry karlo fir ja nahi paoge #rjkarishma,Character / Micro Comedy
RJ Karishma,vd2qGoOmAgE,10/29/2021,6:54:59 AM,18,"4,196,649.00","209,935.00",869,Yes,ab hum roz candle light dinner karte hain #rjkarishma #contentcreator #comedy,"Character / Micro Comedy, Comedy / Funny"
RJ Karishma,nRdOpEcQKGo,10/28/2021,6:30:20 AM,59,"24,013,061.00","1,450,974.00",1912,Yes,apki taraf se bhi ek share ho jaye comment section mai .|#shorts #youtubepartner,Trends / Challenges / Social Media
RJ Karishma,DfwzLzovJo0,10/27/2021,11:23:20 AM,16,"9,762,800.00","407,366.00",833,Yes,kya aap ke sath kabhi aisa hua hai??#comedy #rjkarishma #shorts #siblings,"POV / Kids & Teens, Character / Micro Comedy, Comedy / Funny"
RJ Karishma,Sip8p6c4DyE,10/27/2021,3:45:29 AM,57,"54,194,014.00","2,918,146.00",20058,Yes,heart attack he aajata hai i swear #jugnuchallenge #youtubepartner #shorts,"Trends / Challenges / Social Media, Romance / Relationships"
RJ Karishma,fh27xo3wwJI,10/26/2021,8:01:53 AM,49,"18,513,599.00","717,113.00",2075,Yes,aajkal ghar ka kuch ye nazara hai #shorts #rjkarishma #comedy #siblings,"Family / Relatable, POV / Kids & Teens, Character / Micro Comedy, Comedy / Funny"
RJ Karishma,j2fNPFc7pDE,10/25/2021,3:42:01 AM,60,"36,253,364.00","2,490,481.00",1769,Yes,apka kya kehna hai aise bacho ke bare mai |#rjkarishma |#comedy,"Character / Micro Comedy, Comedy / Funny"
RJ Karishma,1Vzl_IrSqFw,10/24/2021,6:21:18 PM,11,"4,349,354.00","217,982.00",716,Yes,mummy ji boht sweet hainüòç |#rjkarishma |#comedy,"Family / Relatable, Character / Micro Comedy, Comedy / Funny"
RJ Karishma,ebd-X7Ymyzk,10/23/2021,7:35:08 AM,60,"119,726,164.00","4,376,586.00",15398,Yes,kya apke sath bhi aisa hota haiüòí |#rjkarishma |#comedy,"Character / Micro Comedy, Comedy / Funny"
RJ Karishma,DYCIJfJDqwA,10/21/2021,5:07:30 PM,16,"62,777,737.00","2,062,934.00",3400,Yes,that one kid |#rjkarishma |#share |#comedy,"POV / Kids & Teens, Character / Micro Comedy, Comedy / Funny"
RJ Karishma,LNQzeB1jYuY,10/18/2021,12:01:16 PM,60,"17,688,435.00","1,165,743.00",1373,Yes,"indulgence ka maza , ab short mai! #shorts #youtubepartner",Trends / Challenges / Social Media
RJ Karishma,aHtcW2Uj3ak,10/16/2021,1:33:12 PM,61,"14,337,935.00","1,084,263.00",1742,Yes,iske baat batao kya haal hua hoga noni ka ?? |#shorts |#youtubepartner,Trends / Challenges / Social Media
RJ Karishma,U9ba2ePfn44,10/14/2021,2:24:26 PM,52,"1,877,229.00","123,025.00",406,Yes,zindagi mai pehli baar risk liya thaüò£ |#rjkarishma |#comedy,"Character / Micro Comedy, Comedy / Funny"
RJ Karishma,owxyPjsISdQ,10/11/2021,4:00:39 AM,60,"57,448,389.00","3,243,202.00",3923,Yes,text karlo yaar call toh nahi ho payega ! |#rjkarishma |#comedy |#contentcreator,"Character / Micro Comedy, Comedy / Funny"
RJ Karishma,pyNM44iIXFc,10/8/2021,6:10:08 AM,49,"10,070,738.00","560,687.00",1510,Yes,shaadi ka lehenga |#rjkarishma |#comedy |#contentcreator,"Character / Micro Comedy, Comedy / Funny"
RJ Karishma,RozS_fxDjGs,10/6/2021,10:10:16 AM,60,"47,251,847.00","2,498,999.00",2091,Yes,kya aap bhi yahi karte ho ? |#rjkarishma |#comedy |#contentcreator,"Character / Micro Comedy, Comedy / Funny"
RJ Karishma,oygt8WpNVkc,10/5/2021,7:17:33 AM,40,"32,346,575.00","1,770,398.00",1890,Yes,instagram par naya challenge #getto,Trends / Challenges / Social Media
,,,,,,,,,,
,,,,,,,,,,
,,,,,,,,,,
,,,,,,,,,,
INSIGHTS ,,,,,,,,,,
Average Views Overall ,,17509339,,,,,,,,
,,,,,,,,,,
Average Views For Shorts ,,17713047,,,,,,,,
,,,,,,,,,,
Average Views For Videos ,,2434966,,,,,,,,
,,,,,,,,,,
Total Number Of Shorts ,,296,,,,,,,,
% of shorts ,,98.66666667,,,,,,,,
% of videos,,1.333333333,,,,,,,,
,,,,,,,,,,
,,,,,,,,,,
Total Views ,,"5,252,801,804.00",,,,,,,,
Views From Shorts ,,5243061938,,,,,,,,
Views From Videos,,9739866,,,,,,,,
,,,,,,,,,,
Percentage of views from shorts ,,99.8145777,,,,,,,,
,,,,,,,,,,
Percentage of views from videos ,,0.1854223015,,,,,,,,
,,,,,,,,,,
likes from shorts ,,269882134,,,,,,,,
likes from videos,,248664,,,,,,,,
Total likes ,,"270,130,798.00",,,,,,,,
% likes from shorts,,99.90794682,,,,,,,,
% likes from videos,,0.09205318381,,,,,,,,